"Global_Index", "x_coord", "y_coord", "Pressure", "Pressure_Coefficient", "Skin_Friction_Coefficient_X", "Skin_Friction_Coefficient_Y", "Heat_Flux"
199, 9.997532964000000e-01, -1.570538050000000e-02, 9.028985734094546e-01, -5.501572569287255e-01, -1.320751671119767e-04, -4.202700074279243e-03, 0.000000000000000e+00
4513, 9.994449375347089e-01, -2.355322421560654e-02, 9.028887458190804e-01, -5.505819964828188e-01, -2.965379796287533e-04, -6.288441856135133e-03, 0.000000000000000e+00
0, 9.990134239000000e-01, -3.139526010000000e-02, 9.028745451283697e-01, -5.511957374722816e-01, -5.254491563641693e-04, -8.351774868435427e-03, 0.000000000000000e+00
3478, 9.984586665942501e-01, -3.922955132399737e-02, 9.028568004352773e-01, -5.519626470345110e-01, -8.173050126506860e-04, -1.038431864890642e-02, 0.000000000000000e+00
1, 9.977809787000000e-01, -4.705416770000000e-02, 9.028347795398284e-01, -5.529143701891812e-01, -1.170268418463872e-03, -1.238014294815394e-02, 0.000000000000000e+00
5004, 9.969804749819151e-01, -5.486718041552714e-02, 9.028092844519733e-01, -5.540162447927078e-01, -1.582214750377017e-03, -1.433091548487683e-02, 0.000000000000000e+00
2, 9.960572720000000e-01, -6.266664700000001e-02, 9.027796443643000e-01, -5.552972625338148e-01, -2.050453788649445e-03, -1.623099940745089e-02, 0.000000000000000e+00
5002, 9.950118176703762e-01, -7.045069457904744e-02, 9.027466834516468e-01, -5.567218033225385e-01, -2.571991697573588e-03, -1.807284100630440e-02, 0.000000000000000e+00
3, 9.938442111000000e-01, -7.821735730000000e-02, 9.027097563579320e-01, -5.583177588641532e-01, -3.144213030222343e-03, -1.985173817853660e-02, 0.000000000000000e+00
4319, 9.925546210574051e-01, -8.596479090299680e-02, 9.026696401992975e-01, -5.600515429029319e-01, -3.762814358555045e-03, -2.155964406011405e-02, 0.000000000000000e+00
4, 9.911435843000000e-01, -9.369102860000000e-02, 9.026257701643884e-01, -5.619475660740202e-01, -4.424473634906790e-03, -2.319379404611445e-02, 0.000000000000000e+00
4128, 9.896112794633448e-01, -1.013942553711323e-01, 9.025788977542412e-01, -5.639733491833332e-01, -5.124522734092165e-03, -2.474645795477974e-02, 0.000000000000000e+00
5, 9.879583716000000e-01, -1.090725063000000e-01, 9.025284916677286e-01, -5.661518545843336e-01, -5.860110925428207e-03, -2.621638404261851e-02, 0.000000000000000e+00
4131, 9.861846402695220e-01, -1.167240145214142e-01, 9.024752784328630e-01, -5.684516823944269e-01, -6.624437282139540e-03, -2.759498446611192e-02, 0.000000000000000e+00
6, 9.842916131000000e-01, -1.243468820000000e-01, 9.024187462869031e-01, -5.708949505357298e-01, -7.416551099415402e-03, -2.888505400773659e-02, -0.000000000000000e+00
4230, 9.822779587396269e-01, -1.319392682787755e-01, 9.023596434946862e-01, -5.734493196797555e-01, -8.226432471386248e-03, -3.007442595335852e-02, -0.000000000000000e+00
7, 9.801468253000000e-01, -1.394995152000000e-01, 9.022974635214708e-01, -5.761366817992144e-01, -9.056723734664705e-03, -3.117249669185601e-02, -0.000000000000000e+00
4995, 9.778949406650558e-01, -1.470252552684155e-01, 9.022329318525907e-01, -5.789256820751223e-01, -9.891789978251343e-03, -3.216018940065515e-02, -0.000000000000000e+00
8, 9.755281806000000e-01, -1.545156537000000e-01, 9.021654925690255e-01, -5.818403468239906e-01, -1.074201068524088e-02, -3.305887565556378e-02, -0.000000000000000e+00
5008, 9.730397005726438e-01, -1.619674093209601e-01, 9.020959920180175e-01, -5.848440976846279e-01, -1.158030976830089e-02, -3.383546084825922e-02, -0.000000000000000e+00
9, 9.704403877000000e-01, -1.693812161000000e-01, 9.020236757826925e-01, -5.879695398709874e-01, -1.243357252757850e-02, -3.453295541894595e-02, -0.000000000000000e+00
5006, 9.677167158596396e-01, -1.767514461198919e-01, 9.019495998513204e-01, -5.911710345265616e-01, -1.325263432079229e-02, -3.508985323445993e-02, -0.000000000000000e+00
10, 9.648882151000000e-01, -1.840820610000000e-01, 9.018727563640478e-01, -5.944921404412882e-01, -1.409196404466537e-02, -3.558826918654182e-02, -0.000000000000000e+00
4994, 9.619308948705363e-01, -1.913631321966315e-01, 9.017945043721528e-01, -5.978741206499686e-01, -1.486737221348056e-02, -3.591947000652186e-02, -0.000000000000000e+00
11, 9.588773251000000e-01, -1.986043303000000e-01, 9.017134127338764e-01, -6.013788278030868e-01, -1.567893050522063e-02, -3.622615846508896e-02, -0.000000000000000e+00
3453, 9.556875264125946e-01, -2.057884308506453e-01, 9.016313043219536e-01, -6.049274789922036e-01, -1.638514274580207e-02, -3.632551170999188e-02, -0.000000000000000e+00
12, 9.524134994000000e-01, -2.129344939000000e-01, 9.015461903309943e-01, -6.086060285848119e-01, -1.715637016165043e-02, -3.645128239050836e-02, -0.000000000000000e+00
5016, 9.489923253433015e-01, -2.200133900080059e-01, 9.014605369188075e-01, -6.123078914742611e-01, -1.776615244397210e-02, -3.631345111493111e-02, -0.000000000000000e+00
13, 9.455031753000001e-01, -2.270589768000000e-01, 9.013716398670136e-01, -6.161499415294215e-01, -1.848810228519660e-02, -3.627457610650726e-02, -0.000000000000000e+00
4454, 9.418515413594475e-01, -2.340239632992324e-01, 9.012826335937384e-01, -6.199967120380754e-01, -1.897330796266941e-02, -3.589591822187228e-02, -0.000000000000000e+00
14, 9.381533265000001e-01, -2.409642785000000e-01, 9.011899805877732e-01, -6.240010910303605e-01, -1.963995025240822e-02, -3.571179877742528e-02, -0.000000000000000e+00
3466, 9.342719161712294e-01, -2.478061799571768e-01, 9.010976674905908e-01, -6.279907794729445e-01, -1.997176867706595e-02, -3.508807075859994e-02, -0.000000000000000e+00
15, 9.303709865000001e-01, -2.546369432000000e-01, 9.010013705971578e-01, -6.321526439809407e-01, -2.057742832226947e-02, -3.477850138789687e-02, -0.000000000000000e+00
4523, 9.262607925310999e-01, -2.613460096323619e-01, 9.009057148247500e-01, -6.362867998189552e-01, -2.072671804775715e-02, -3.390833251303812e-02, -0.000000000000000e+00
16, 9.221640229000000e-01, -2.680633067000000e-01, 9.008056917545890e-01, -6.406097063099448e-01, -2.126667463860932e-02, -3.349206288265547e-02, -0.000000000000000e+00
5081, 9.178261474021030e-01, -2.746294058310508e-01, 9.007065227628410e-01, -6.448957003055532e-01, -2.120552421708317e-02, -3.237586485882453e-02, -0.000000000000000e+00
17, 9.135403036999999e-01, -2.812297045000000e-01, 9.006028337013673e-01, -6.493770476204072e-01, -2.167283792047767e-02, -3.186921926396225e-02, -0.000000000000000e+00
4254, 9.089766148705223e-01, -2.876423621253457e-01, 9.004999302923896e-01, -6.538244397460292e-01, -2.137650610887629e-02, -3.051395429689595e-02, -0.000000000000000e+00
18, 9.045084715000000e-01, -2.941222190000000e-01, 9.003925038545890e-01, -6.584673130803972e-01, -2.175969328060497e-02, -2.992623586685850e-02, -0.000000000000000e+00
4879, 8.997215466723489e-01, -3.003709125828684e-01, 9.002854950624820e-01, -6.630921361461938e-01, -2.120639314007955e-02, -2.834305305711807e-02, -0.000000000000000e+00
19, 8.950775266000000e-01, -3.067269920000000e-01, 9.001743472344602e-01, -6.678958445950692e-01, -2.148892037121991e-02, -2.767865868347783e-02, -0.000000000000000e+00
4881, 8.900708847516841e-01, -3.128013824602416e-01, 9.000627826278065e-01, -6.727175658388971e-01, -2.066496584032529e-02, -2.588770853689423e-02, -0.000000000000000e+00
20, 8.852565885000000e-01, -3.190300166000000e-01, 8.999478193358027e-01, -6.776861751850084e-01, -2.082063580506243e-02, -2.514278483096632e-02, -0.000000000000000e+00
5020, 8.800352493578918e-01, -3.249203121466631e-01, 8.998312130601276e-01, -6.827257927971726e-01, -1.971979409641941e-02, -2.317286643891024e-02, -0.000000000000000e+00
21, 8.750556111000000e-01, -3.310172557000000e-01, 8.997124348091352e-01, -6.878592812151636e-01, -1.971281078161050e-02, -2.233546024942920e-02, 0.000000000000000e+00
5024, 8.696256958486133e-01, -3.367147828183794e-01, 8.995902272920385e-01, -6.931409794079372e-01, -1.833759882537870e-02, -2.022246627997851e-02, 0.000000000000000e+00
22, 8.644843102000001e-01, -3.426751493000000e-01, 8.994675376432826e-01, -6.984435148943069e-01, -1.811966978219579e-02, -1.927296377626105e-02, 0.000000000000000e+00
4444, 8.588536952942269e-01, -3.481724075421230e-01, 8.993393374088609e-01, -7.039842129016373e-01, -1.648066774221280e-02, -1.705981411415291e-02, 0.000000000000000e+00
23, 8.535534143000000e-01, -3.539901673000000e-01, 8.992128627664487e-01, -7.094503323853614e-01, -1.599138324394006e-02, -1.597173866207514e-02, 0.000000000000000e+00
3974, 8.477310406542677e-01, -3.592813985798597e-01, 8.990783207003362e-01, -7.152651186139067e-01, -1.410756331092946e-02, -1.370665401641953e-02, 0.000000000000000e+00
24, 8.422734737000001e-01, -3.649495541000000e-01, 8.989480074267975e-01, -7.208971402578735e-01, -1.327889226778700e-02, -1.245388682432685e-02, 0.000000000000000e+00
5090, 8.362696057951486e-01, -3.700307449636791e-01, 8.988069098514909e-01, -7.269952496557742e-01, -1.117692069080745e-02, -1.018992072352484e-02, 0.000000000000000e+00
25, 8.306558728000000e-01, -3.755412399000000e-01, 8.986727908864380e-01, -7.327917498397691e-01, -9.934175491502543e-03, -8.746879942751463e-03, 0.000000000000000e+00
4502, 8.244813575387951e-01, -3.804101058197332e-01, 8.985250814331778e-01, -7.391756186137585e-01, -7.642933163480654e-03, -6.535158872795801e-03, 0.000000000000000e+00
26, 8.187119961000000e-01, -3.857539593000000e-01, 8.983870946517795e-01, -7.451392823167164e-01, -5.908756910059637e-03, -4.881876625690233e-03, 0.000000000000000e+00
4145, 8.123781664826624e-01, -3.904098885849718e-01, 8.982328979839150e-01, -7.518035226297483e-01, -3.457176114497521e-03, -2.770390505163858e-03, 0.000000000000000e+00
27, 8.064535260000000e-01, -3.955772220000000e-01, 8.980910918983571e-01, -7.579322531989406e-01, -1.156838067509420e-03, -8.962071544315440e-04, 0.000000000000000e+00
3525, 7.999719085942303e-01, -4.000210670131447e-01, 8.979307871474616e-01, -7.648604793278480e-01, 1.430358979399446e-03, 1.073171391573605e-03, 0.000000000000000e+00
28, 7.938926220000000e-01, -4.050014316000000e-01, 8.977850566886691e-01, -7.711588177535190e-01, 4.367520391719848e-03, 3.169342745342949e-03, 0.000000000000000e+00
3512, 7.872744205973181e-01, -4.092351491141434e-01, 8.976190682363544e-01, -7.783326883094398e-01, 7.075641779276677e-03, 4.964448640172607e-03, 0.000000000000000e+00
29, 7.810416818000000e-01, -4.140179752000000e-01, 8.974694795681876e-01, -7.847977750494896e-01, 1.070755324639884e-02, 7.268478626551450e-03, 0.000000000000000e+00
4258, 7.742975260245430e-01, -4.180440972156110e-01, 8.972985263706473e-01, -7.921862173969663e-01, 1.353203476504895e-02, 8.865468459404576e-03, 0.000000000000000e+00
30, 7.679134010999999e-01, -4.226189255000000e-01, 8.971450879838928e-01, -7.988176854872827e-01, 1.790167433627562e-02, 1.134855096293229e-02, 0.000000000000000e+00
4164, 7.610531396253641e-01, -4.264402165506206e-01, 8.969699981334065e-01, -8.063849102280890e-01, 2.085176919385433e-02, 1.273293155303385e-02, 0.000000000000000e+00
31, 7.545207143000000e-01, -4.307970404000000e-01, 8.968129188864357e-01, -8.131737329990462e-01, 2.598390307203472e-02, 1.535166791667682e-02, 0.000000000000000e+00
4664, 7.475533041569711e-01, -4.344161157242745e-01, 8.966346751469955e-01, -8.208772659636321e-01, 2.908335390653988e-02, 1.651756110815610e-02, -0.000000000000000e+00
32, 7.408769131000000e-01, -4.385458826000000e-01, 8.964742822867199e-01, -8.278093001001338e-01, 3.498261642076414e-02, 1.921465517068231e-02, -0.000000000000000e+00
4570, 7.338102049661305e-01, -4.419646909581082e-01, 8.962940466261897e-01, -8.355989220899362e-01, 3.826664894146922e-02, 2.016049510206658e-02, -0.000000000000000e+00
33, 7.269952297000000e-01, -4.458593427000000e-01, 8.961308288879924e-01, -8.426530448914257e-01, 4.492138287311030e-02, 2.287030137071757e-02, -0.000000000000000e+00
4504, 7.198364916823130e-01, -4.490789651328733e-01, 8.959497097413645e-01, -8.504808503501108e-01, 4.844004277468080e-02, 2.359971152690523e-02, -0.000000000000000e+00
34, 7.128896713000000e-01, -4.527314900000000e-01, 8.957843573967231e-01, -8.576272289085755e-01, 5.581579342983051e-02, 2.624643526116360e-02, -0.000000000000000e+00
4440, 7.056451101902421e-01, -4.557522228742755e-01, 8.956036440329094e-01, -8.654374968015892e-01, 5.962504994170780e-02, 2.676261849902202e-02, -0.000000000000000e+00
35, 6.985738873000000e-01, -4.591571092000000e-01, 8.954371438107585e-01, -8.726334855862659e-01, 6.767337176956820e-02, 2.926697592825713e-02, -0.000000000000000e+00
4261, 6.912493802776827e-01, -4.619780022288966e-01, 8.952581842485624e-01, -8.803679557619639e-01, 7.183302548633751e-02, 2.957037309384148e-02, -0.000000000000000e+00
36, 6.840623021000000e-01, -4.651308655000000e-01, 8.950916685123889e-01, -8.875646150486457e-01, 8.049235863152386e-02, 3.185247134762478e-02, -0.000000000000000e+00
4671, 6.766630372381603e-01, -4.677501162734098e-01, 8.949158359417803e-01, -8.951639394803781e-01, 8.506057035018773e-02, 3.193864589330896e-02, -0.000000000000000e+00
37, 6.693689823000000e-01, -4.706479310000000e-01, 8.947508118812059e-01, -9.022961298988313e-01, 9.426184438028422e-02, 3.392128815484640e-02, -0.000000000000000e+00
5036, 6.619000839533073e-01, -4.730627472290670e-01, 8.945796690663713e-01, -9.096927673340119e-01, 9.928966528268691e-02, 3.377775366220159e-02, -0.000000000000000e+00
38, 6.545084715000000e-01, -4.757033884000000e-01, 8.944175965495675e-01, -9.166973947042215e-01, 1.089623384939299e-01, 3.539086461943882e-02, -0.000000000000000e+00
5050, 6.469750869550976e-01, -4.779103721562669e-01, 8.942525101242423e-01, -9.238322804707143e-01, 1.144957736022821e-01, 3.500004780326257e-02, -0.000000000000000e+00
39, 6.394956112000000e-01, -4.802926480000000e-01, 8.940952976359317e-01, -9.306268618116892e-01, 1.245672426343100e-01, 3.617902665482953e-02, -0.000000000000000e+00
4437, 6.319027308749053e-01, -4.822879529780340e-01, 8.939381048754241e-01, -9.374205905348807e-01, 1.306389145552667e-01, 3.551406703326146e-02, -0.000000000000000e+00
40, 6.243448853000000e-01, -4.844113587000000e-01, 8.937878543978716e-01, -9.439142800771119e-01, 1.410356775459069e-01, 3.620272889073376e-02, -0.000000000000000e+00
3517, 6.166980286895765e-01, -4.861908782566440e-01, 8.936403797333098e-01, -9.502880014962254e-01, 1.476588461486895e-01, 3.523135511767899e-02, -0.000000000000000e+00
41, 6.090716124000000e-01, -4.880555569000000e-01, 8.934993769875916e-01, -9.563820124452123e-01, 1.583113974771646e-01, 3.537961879471430e-02, -0.000000000000000e+00
4641, 6.013762286025028e-01, -4.896150123049059e-01, 8.933635180181984e-01, -9.622537140406948e-01, 1.654813249296997e-01, 3.406125357856967e-02, -0.000000000000000e+00
42, 5.936905742000000e-01, -4.912214576000000e-01, 8.932339924259283e-01, -9.678516928137157e-01, 1.763246780370074e-01, 3.363027943580307e-02, -0.000000000000000e+00
3630, 5.859526844240669e-01, -4.925567338290046e-01, 8.931118208125152e-01, -9.731318392818067e-01, 1.840208488243777e-01, 3.192471108406675e-02, -0.000000000000000e+00
43, 5.782172084000000e-01, -4.939058422000000e-01, 8.929966606364282e-01, -9.781089577796532e-01, 1.949951895090383e-01, 3.088024367361017e-02, -0.000000000000000e+00
4558, 5.704429258093895e-01, -4.950129232690930e-01, 8.928906408050871e-01, -9.826910388569557e-01, 2.031714914095935e-01, 2.874036779067564e-02, -0.000000000000000e+00
44, 5.626665950000000e-01, -4.961056112000000e-01, 8.927920103112321e-01, -9.869537594614002e-01, 2.142158801308779e-01, 2.705904628070280e-02, -0.000000000000000e+00
3594, 5.548624870163748e-01, -4.969809931158115e-01, 8.927040750038157e-01, -9.907542437957239e-01, 2.228158194885201e-01, 2.444242804282364e-02, -0.000000000000000e+00
45, 5.470541716000000e-01, -4.978182613000000e-01, 8.926245540554558e-01, -9.941910671533860e-01, 2.338688094728251e-01, 2.210540261494834e-02, -0.000000000000000e+00
4590, 5.392270109623779e-01, -4.984588665185499e-01, 8.925570662421799e-01, -9.971078293123919e-01, 2.428220137347047e-01, 1.897428166391099e-02, -0.000000000000000e+00
46, 5.313953161000000e-01, -4.990418552000000e-01, 8.924992334961124e-01, -9.996073082122562e-01, 2.538258917546715e-01, 1.596843357577456e-02, -0.000000000000000e+00
4833, 5.235520907023608e-01, -4.994449909885451e-01, 8.924545249198921e-01, -1.001539572379258e+00, 2.630469468568462e-01, 1.228780863383342e-02, -0.000000000000000e+00
47, 5.157054067000000e-01, -4.997747837000000e-01, 8.924207622099515e-01, -1.002998766120469e+00, 2.739412836164716e-01, 8.608563056706920e-03, -0.000000000000000e+00
4835, 5.078533774423379e-01, -4.999383206584071e-01, 8.924010968750125e-01, -1.003848684083581e+00, 2.833380495357420e-01, 4.352338598329639e-03, -0.000000000000000e+00
48, 5.000000000000000e-01, -5.000160335000000e-01, 8.923939503278161e-01, -1.004157551380031e+00, 2.940640700292725e-01, -2.230142795204241e-08, -0.000000000000000e+00
5047, 4.921465467283481e-01, -4.999383194672219e-01, 8.924016252068832e-01, -1.003825850058695e+00, 3.035418843325604e-01, -4.849310203967607e-03, -0.000000000000000e+00
49, 4.842945933000000e-01, -4.997651278000000e-01, 8.924231607844010e-01, -1.002895101905402e+00, 3.140407845404346e-01, -9.868921157940984e-03, -0.000000000000000e+00
3560, 4.764472306816073e-01, -4.994449589869085e-01, 8.924603330133729e-01, -1.001288551840015e+00, 3.234936835447719e-01, -1.532104026778589e-02, -0.000000000000000e+00
50, 4.686047137000000e-01, -4.990220367000000e-01, 8.925129230800770e-01, -9.990156567933942e-01, 3.337007021783494e-01, -2.099433138527556e-02, -0.000000000000000e+00
4543, 4.607710005623679e-01, -4.984587100283456e-01, 8.925818436607005e-01, -9.960369717274349e-01, 3.430253513789462e-01, -2.704961128964564e-02, -0.000000000000000e+00
51, 4.529457986000000e-01, -4.977872371000000e-01, 8.926674906157189e-01, -9.923353879109532e-01, 3.528740336875932e-01, -3.335601555061186e-02, -0.000000000000000e+00
3557, 4.451334186605047e-01, -4.969805411201898e-01, 8.927701522737163e-01, -9.878984440437225e-01, 3.619712039438892e-01, -4.000328983035653e-02, -0.000000000000000e+00
52, 4.373334050000000e-01, -4.960618316000000e-01, 8.928908993166654e-01, -9.826798662206998e-01, 3.713956744380444e-01, -4.691775475430843e-02, -0.000000000000000e+00
4592, 4.295499402205814e-01, -4.950119080154299e-01, 8.930292833515211e-01, -9.766990335831491e-01, 3.801631918969570e-01, -5.413729332711392e-02, -0.000000000000000e+00
53, 4.217827916000000e-01, -4.938473402000000e-01, 8.931871129755390e-01, -9.698777801959133e-01, 3.890961087143505e-01, -6.162636477842334e-02, -0.000000000000000e+00
4542, 4.140358958068983e-01, -4.925547409073205e-01, 8.933629886993177e-01, -9.622765907232554e-01, 3.974410274900309e-01, -6.939012678943156e-02, -0.000000000000000e+00
54, 4.063093066000000e-01, -4.911457895000000e-01, 8.935589928862250e-01, -9.538054673066411e-01, 4.058055391950741e-01, -7.741120533843483e-02, -0.000000000000000e+00
3883, 3.986067038777185e-01, -4.896114781144938e-01, 8.937736180501706e-01, -9.445295621293950e-01, 4.136286602043018e-01, -8.567620187633344e-02, -0.000000000000000e+00
55, 3.909283876000000e-01, -4.879598915000000e-01, 8.940093575391986e-01, -9.343411149475455e-01, 4.213583497229771e-01, -9.418444477774114e-02, -0.000000000000000e+00
4582, 3.832776397172477e-01, -4.861850374189065e-01, 8.942641038878301e-01, -9.233312085101386e-01, 4.285703740355705e-01, -1.029040225197344e-01, -0.000000000000000e+00
56, 3.756551147000000e-01, -4.842926263000000e-01, 8.945405121573664e-01, -9.113850934726915e-01, 4.355962378779306e-01, -1.118418405524985e-01, -0.000000000000000e+00
3696, 3.680637045427771e-01, -4.822787720199019e-01, 8.948361641820824e-01, -8.986072807674619e-01, 4.421147960052383e-01, -1.209564099400240e-01, -0.000000000000000e+00
57, 3.605043888000000e-01, -4.801476001000000e-01, 8.951540993189504e-01, -8.848664121391747e-01, 4.483794271408602e-01, -1.302660752973609e-01, -0.000000000000000e+00
4578, 3.529799840110529e-01, -4.778965525075587e-01, 8.954912008777717e-01, -8.702971881151005e-01, 4.541335487845249e-01, -1.397183534872796e-01, -0.000000000000000e+00
58, 3.454914987000000e-01, -4.755287467000000e-01, 8.958503615898468e-01, -8.547745874686812e-01, 4.595763200982680e-01, -1.493252688680509e-01, -0.000000000000000e+00
4577, 3.380413868096839e-01, -4.730427122506695e-01, 8.962290429537769e-01, -8.384083219309846e-01, 4.645133944953894e-01, -1.590438286253875e-01, -0.000000000000000e+00
59, 3.306309879000000e-01, -4.704406856000000e-01, 8.966301468879091e-01, -8.210729732196264e-01, 4.690910717379065e-01, -1.688831036532824e-01, -0.000000000000000e+00
4654, 3.232626139015005e-01, -4.677220289392729e-01, 8.970509480975752e-01, -8.028863261015752e-01, 4.731561661628915e-01, -1.787969339446409e-01, -0.000000000000000e+00
60, 3.159376979000000e-01, -4.648883640000000e-01, 8.974939142534077e-01, -7.837417300873266e-01, 4.768193913910685e-01, -1.887860993686581e-01, -0.000000000000000e+00
3547, 3.086583369446475e-01, -4.619397882616436e-01, 8.979566233936644e-01, -7.637438601695525e-01, 4.799677149429367e-01, -1.988109296391088e-01, -0.000000000000000e+00
61, 3.014261127000000e-01, -4.588774144000000e-01, 8.984413856514376e-01, -7.427928744885348e-01, 4.826745789584029e-01, -2.088718691091850e-01, -0.000000000000000e+00
4587, 2.942428841278572e-01, -4.557016669576465e-01, 8.989456057097724e-01, -7.210009402922091e-01, 4.848500899089159e-01, -2.189201770560211e-01, -0.000000000000000e+00
62, 2.871103883000000e-01, -4.524135589000000e-01, 8.994710676827384e-01, -6.982909497865512e-01, 4.865646371798153e-01, -2.289598864324553e-01, -0.000000000000000e+00
4614, 2.800304316390549e-01, -4.490137959964032e-01, 9.000148910135546e-01, -6.747873980264140e-01, 4.877439073173286e-01, -2.389410114589453e-01, -0.000000000000000e+00
63, 2.730047107000000e-01, -4.455033242000000e-01, 9.005792898240855e-01, -6.503945926703699e-01, 4.884468871871187e-01, -2.488761004061105e-01, -0.000000000000000e+00
4584, 2.660351043491327e-01, -4.418828211223864e-01, 9.011614675475337e-01, -6.252333988022672e-01, 4.886057264059323e-01, -2.587076197886357e-01, -0.000000000000000e+00
64, 2.591232061000000e-01, -4.381533264000000e-01, 9.017630426865094e-01, -5.992338662053326e-01, 4.882952645068618e-01, -2.684425725085554e-01, -0.000000000000000e+00
4680, 2.522706829117035e-01, -4.343157669886811e-01, 9.023819685136771e-01, -5.724844525810759e-01, 4.874530680043860e-01, -2.780370314901258e-01, -0.000000000000000e+00
65, 2.454793006000000e-01, -4.303710162000000e-01, 9.030199927269205e-01, -5.449096240100395e-01, 4.861286225549857e-01, -2.874956459994780e-01, -0.000000000000000e+00
4416, 2.387507267504527e-01, -4.263200877586975e-01, 9.036743354235280e-01, -5.166295253693592e-01, 4.842660906431605e-01, -2.967573780039991e-01, -0.000000000000000e+00
66, 2.320865989000000e-01, -4.221639930000000e-01, 9.043462791942132e-01, -4.875887242501829e-01, 4.819244812507287e-01, -3.058385630861136e-01, -0.000000000000000e+00
4597, 2.254885977428025e-01, -4.179036851127150e-01, 9.050333160061753e-01, -4.578956155583624e-01, 4.790471357519716e-01, -3.146755551942819e-01, -0.000000000000000e+00
67, 2.189583033000000e-01, -4.135403036000000e-01, 9.057361310632634e-01, -4.275205854042052e-01, 4.757143153815146e-01, -3.232951019777224e-01, -0.000000000000000e+00
4974, 2.124973825682759e-01, -4.090748647496053e-01, 9.064527383611434e-01, -3.965494670961036e-01, 4.718669883663561e-01, -3.316348231645940e-01, -0.000000000000000e+00
68, 2.061073929000000e-01, -4.045085012000000e-01, 9.071836850418499e-01, -3.649586136509179e-01, 4.675767886885276e-01, -3.397144015737485e-01, -0.000000000000000e+00
3667, 1.997899019071208e-01, -3.998423401830576e-01, 9.079277389487301e-01, -3.328012777630895e-01, 4.627953816492000e-01, -3.474774191671540e-01, -0.000000000000000e+00
69, 1.935465038000000e-01, -3.950774967000000e-01, 9.086849084029430e-01, -3.000770997996695e-01, 4.575865361041389e-01, -3.549404885586743e-01, -0.000000000000000e+00
4610, 1.873786704223832e-01, -3.902152025397310e-01, 9.094540245424418e-01, -2.668365969195556e-01, 4.519036368769828e-01, -3.620430080686557e-01, -0.000000000000000e+00
70, 1.812880039000000e-01, -3.852565884000000e-01, 9.102345028851211e-01, -2.331050299099207e-01, 4.458071128767123e-01, -3.688037294553869e-01, -0.000000000000000e+00
4611, 1.752759654035559e-01, -3.802029738907989e-01, 9.110252731584342e-01, -1.989286549807704e-01, 4.392575534950249e-01, -3.751627439048084e-01, -0.000000000000000e+00
71, 1.693440974000000e-01, -3.750554918000000e-01, 9.118252119179301e-01, -1.643560263836566e-01, 4.323197572905492e-01, -3.811411358963400e-01, -0.000000000000000e+00
4544, 1.634937533692831e-01, -3.698155567015904e-01, 9.126337025335101e-01, -1.294137943129013e-01, 4.249622380925595e-01, -3.866850923594187e-01, -0.000000000000000e+00
72, 1.577264965000000e-01, -3.644843100000000e-01, 9.134494922840001e-01, -9.415610024292470e-02, 4.172512065644415e-01, -3.918249359430271e-01, -0.000000000000000e+00
4575, 1.520436171609771e-01, -3.590631638605992e-01, 9.142717268832737e-01, -5.861986564629321e-02, 4.091563102309802e-01, -3.964970096086837e-01, -0.000000000000000e+00
73, 1.464466006000000e-01, -3.535534142000000e-01, 9.150993611492210e-01, -2.285026234707369e-02, 4.007373423018259e-01, -4.007373040844175e-01, -0.000000000000000e+00
3571, 1.409368693232129e-01, -3.479564170820603e-01, 9.159319336270535e-01, 1.313276599677276e-02, 3.919669138194221e-01, -4.044789067143288e-01, -0.000000000000000e+00
74, 1.355157048000000e-01, -3.422735928000000e-01, 9.167676513351226e-01, 4.925172834248024e-02, 3.829192329559958e-01, -4.077675275481517e-01, -0.000000000000000e+00
4718, 1.301844671329882e-01, -3.365062728245765e-01, 9.176068139915889e-01, 8.551957823746477e-02, 3.735580512796998e-01, -4.105380680130158e-01, -0.000000000000000e+00
75, 1.249445006000000e-01, -3.306559025000000e-01, 9.184469186037357e-01, 1.218281386037307e-01, 3.639570551572986e-01, -4.128282204403260e-01, -0.000000000000000e+00
3786, 1.197970212930766e-01, -3.247240289574871e-01, 9.192888189578138e-01, 1.582143093096744e-01, 3.540902036285498e-01, -4.145845669944522e-01, -0.000000000000000e+00
76, 1.147433966000000e-01, -3.187119960000000e-01, 9.201297974579786e-01, 1.945606383245091e-01, 3.440165996814324e-01, -4.158446313066518e-01, -0.000000000000000e+00
4411, 1.097847944595936e-01, -3.126213258321616e-01, 9.209707157299940e-01, 2.309043643332786e-01, 3.337175112684950e-01, -4.165482621482404e-01, -0.000000000000000e+00
77, 1.049225032000000e-01, -3.064534961000000e-01, 9.218084166917719e-01, 2.671090411078405e-01, 3.232613162560058e-01, -4.167459974059852e-01, -0.000000000000000e+00
3622, 1.001576588414208e-01, -3.002100967936064e-01, 9.226438306969951e-01, 3.032148776916401e-01, 3.126245348500411e-01, -4.163769590304718e-01, -0.000000000000000e+00
78, 9.549151359999999e-02, -2.938925921000000e-01, 9.234739576072996e-01, 3.390922108221311e-01, 3.018663325741749e-01, -4.154833817012913e-01, -0.000000000000000e+00
3635, 9.092514009728780e-02, -2.875026243281556e-01, 9.242999814777554e-01, 3.747922142869161e-01, 2.909769104032006e-01, -4.140158705142198e-01, -0.000000000000000e+00
79, 8.645971120000000e-02, -2.810417115000000e-01, 9.251186923143335e-01, 4.101761550516879e-01, 2.800130012468203e-01, -4.120266118935734e-01, -0.000000000000000e+00
4660, 8.209632496800634e-02, -2.745114176036290e-01, 9.259316007462601e-01, 4.453093211432660e-01, 2.689622976938533e-01, -4.094566135257489e-01, -0.000000000000000e+00
80, 7.783603670000000e-02, -2.679134010000000e-01, 9.267348881415746e-01, 4.800266747472463e-01, 2.578855273711315e-01, -4.063625573804692e-01, -0.000000000000000e+00
3670, 7.367991854688194e-02, -2.612492835393179e-01, 9.275307778330176e-01, 5.144243062907808e-01, 2.467687818444397e-01, -4.026894949207508e-01, -0.000000000000000e+00
81, 6.962897630000001e-02, -2.545207142000000e-01, 9.283150082010514e-01, 5.483180324376359e-01, 2.356684028027072e-01, -3.984935224618153e-01, -0.000000000000000e+00
3725, 6.568423341295349e-02, -2.477293177924371e-01, 9.290901149155573e-01, 5.818174425432635e-01, 2.245732694149774e-01, -3.937207307619574e-01, -0.000000000000000e+00
82, 6.184665860000000e-02, -2.408767938000000e-01, 9.298513230092262e-01, 6.147161668457568e-01, 2.135430335364204e-01, -3.884333913898581e-01, -0.000000000000000e+00
4162, 5.811716563721880e-02, -2.339648706441098e-01, 9.306013655847682e-01, 6.471323275685816e-01, 2.025658108886871e-01, -3.825805636425724e-01, -0.000000000000000e+00
83, 5.449673910000000e-02, -2.269951998000000e-01, 9.313356466867501e-01, 6.788672916809519e-01, 1.916902929828166e-01, -3.762134629828942e-01, -0.000000000000000e+00
3606, 5.098619235927143e-02, -2.199695445919161e-01, 9.320571417849686e-01, 7.100496562922944e-01, 1.809162408316062e-01, -3.692957460876966e-01, -0.000000000000000e+00
84, 4.758647080000000e-02, -2.128895967000000e-01, 9.327608687660673e-01, 7.404640989761664e-01, 1.702888964864726e-01, -3.618824074894259e-01, -0.000000000000000e+00
5022, 4.429834434382168e-02, -2.057571409021277e-01, 9.334502449727075e-01, 7.702583141869342e-01, 1.598084762121589e-01, -3.539367036019043e-01, -0.000000000000000e+00
85, 4.112268980000000e-02, -1.985739021000000e-01, 9.341200448031965e-01, 7.992064561528287e-01, 1.495171854387263e-01, -3.455138762780214e-01, -0.000000000000000e+00
4645, 3.806023096835143e-02, -1.913417094806756e-01, 9.347740166000966e-01, 8.274705248441134e-01, 1.394168219484191e-01, -3.365803402145852e-01, -0.000000000000000e+00
86, 3.511175890000000e-02, -1.840623020000000e-01, 9.354067559846069e-01, 8.548169479043290e-01, 1.295456403432047e-01, -3.271949160401961e-01, -0.000000000000000e+00
3732, 3.227799531787090e-02, -1.767374502931695e-01, 9.360221773597207e-01, 8.814149022851662e-01, 1.199054360251526e-01, -3.173204178103114e-01, -0.000000000000000e+00
87, 2.955961970000000e-02, -1.693689971000000e-01, 9.366147748824382e-01, 9.070264304393848e-01, 1.105324302083998e-01, -3.070155875431664e-01, -0.000000000000000e+00
4666, 2.695732695299297e-02, -1.619587276948746e-01, 9.371887465701558e-01, 9.318329668762817e-01, 1.014288439612410e-01, -2.962496759608894e-01, -0.000000000000000e+00
88, 2.447173930000000e-02, -1.545085012000000e-01, 9.377383540154938e-01, 9.555865028267726e-01, 9.262801669442038e-02, -2.850796811035078e-01, -0.000000000000000e+00
3690, 2.210349923696159e-02, -1.470201841872174e-01, 9.382680897654672e-01, 9.784812021034830e-01, 8.413357995292774e-02, -2.734800696065133e-01, -0.000000000000000e+00
89, 1.985315980000000e-02, -1.394955962000000e-01, 9.387720687563231e-01, 1.000262717581732e+00, 7.597446391021220e-02, -2.615057976784700e-01, -0.000000000000000e+00
4672, 1.772129085810281e-02, -1.319365253007122e-01, 9.392550463826820e-01, 1.021136573109551e+00, 6.815540466805059e-02, -2.491355243463929e-01, -0.000000000000000e+00
90, 1.570842040000000e-02, -1.243449001000000e-01, 9.397109396277379e-01, 1.040839866210616e+00, 6.070283752908604e-02, -2.364219740664367e-01, -0.000000000000000e+00
4674, 1.381503227347297e-02, -1.167226505728687e-01, 9.401447802424124e-01, 1.059590064601976e+00, 5.362182602212472e-02, -2.233506847448385e-01, -0.000000000000000e+00
91, 1.204162000000000e-02, -1.090715974000000e-01, 9.405503709098664e-01, 1.077119325863397e+00, 4.693431136161449e-02, -2.099720788430928e-01, -0.000000000000000e+00
4677, 1.038859301529443e-02, -1.013936395956725e-01, 9.409328975147911e-01, 1.093651779233844e+00, 4.064645910982922e-02, -1.962739009346396e-01, -0.000000000000000e+00
92, 8.856374800000000e-03, -9.369066349999999e-02, 9.412862095358840e-01, 1.108921604753784e+00, 3.477628914337649e-02, -1.823036980121751e-01, -0.000000000000000e+00
4396, 7.445337291051624e-03, -8.596455225076349e-02, 9.416156482170954e-01, 1.123159646148630e+00, 2.933032736781670e-02, -1.680552885682235e-01, -0.000000000000000e+00
93, 6.155829900000000e-03, -7.821723060000001e-02, 9.419149608121363e-01, 1.136095665387538e+00, 2.432369243452270e-02, -1.535737485773575e-01, -0.000000000000000e+00
4393, 4.988171034494115e-03, -7.045061521537548e-02, 9.421897020533981e-01, 1.147969732972962e+00, 1.976240819059846e-02, -1.388578564631586e-01, -0.000000000000000e+00
94, 3.942648900000000e-03, -6.266661720000000e-02, 9.424335653280517e-01, 1.158509282810984e+00, 1.565842895279573e-02, -1.239492269136773e-01, -0.000000000000000e+00
4746, 3.019522493527660e-03, -5.486715754838115e-02, 9.426522961080762e-01, 1.167962628996273e+00, 1.201731085424402e-02, -1.088514708403835e-01, -0.000000000000000e+00
95, 2.219018100000000e-03, -4.705416030000000e-02, 9.428395664782604e-01, 1.176056284765249e+00, 8.848055055243980e-03, -9.360264130773453e-02, -0.000000000000000e+00
3689, 1.541333290849545e-03, -3.922954986405257e-02, 9.430012646519148e-01, 1.183044733363625e+00, 6.155347906667054e-03, -7.821111534058976e-02, -0.000000000000000e+00
96, 9.866359999999999e-04, -3.139526010000000e-02, 9.431310033309602e-01, 1.188651921554061e+00, 3.945474600604896e-03, -6.271152030457111e-02, 0.000000000000000e+00
4701, 5.550625499568529e-04, -2.355322601094402e-02, 9.432348342177461e-01, 1.193139398430440e+00, 2.221914038991924e-03, -4.711556954212771e-02, 0.000000000000000e+00
97, 2.467200000000000e-04, -1.570538050000000e-02, 9.433064734422931e-01, 1.196235580824214e+00, 9.884733579890480e-04, -3.145373116698907e-02, 0.000000000000000e+00
4709, 6.168376595366842e-05, -7.853659087761426e-03, 9.433520106033058e-01, 1.198203655675405e+00, 2.473135971090427e-04, -1.574316703207121e-02, 0.000000000000000e+00
98, 0.000000000000000e+00, 1.000000000000000e-10, 9.433651818523847e-01, 1.198772905130018e+00, -2.039504714038709e-15, -1.019501169847663e-05, 0.000000000000000e+00
4707, 6.168376909509998e-05, 7.853659287736549e-03, 9.433521674879014e-01, 1.198210436085522e+00, 2.470007294716181e-04, 1.572325091127357e-02, 0.000000000000000e+00
99, 2.467200000000000e-04, 1.570538070000000e-02, 9.433067765631298e-01, 1.196248681432206e+00, 9.878905488609406e-04, 3.143518548016149e-02, 0.000000000000000e+00
3714, 5.550625593688241e-04, 2.355322621052463e-02, 9.432352644446801e-01, 1.193157992448825e+00, 2.221138949910656e-03, 4.709913381920191e-02, 0.000000000000000e+00
100, 9.866359999999999e-04, 3.139526030000000e-02, 9.431315344985752e-01, 1.188674878137247e+00, 3.944604534006060e-03, 6.269769059317676e-02, 0.000000000000000e+00
3751, 1.541333306494919e-03, 3.922955006284574e-02, 9.430018704938614e-01, 1.183070917303783e+00, 6.154482546435807e-03, 7.820011989567204e-02, -0.000000000000000e+00
101, 2.219018100000000e-03, 4.705416050000000e-02, 9.428402226130338e-01, 1.176084642315825e+00, 8.847281872965834e-03, 9.359446149613615e-02, -0.000000000000000e+00
4721, 3.019522515344708e-03, 5.486715774599700e-02, 9.426529861301859e-01, 1.167992451126828e+00, 1.201670087939504e-02, 1.088459457557542e-01, -0.000000000000000e+00
102, 3.942648900000000e-03, 6.266661740000000e-02, 9.424342790416631e-01, 1.158540128866785e+00, 1.565803874769956e-02, 1.239461377267482e-01, -0.000000000000000e+00
5128, 4.988171062396685e-03, 7.045061541142882e-02, 9.421904376043987e-01, 1.148001522820940e+00, 1.976229307280900e-02, 1.388570476037661e-01, -0.000000000000000e+00
103, 6.155829900000000e-03, 7.821723080000000e-02, 9.419157203797438e-01, 1.136128493211513e+00, 2.432392078911167e-02, 1.535751899587862e-01, -0.000000000000000e+00
3749, 7.445337324929635e-03, 8.596455244487533e-02, 9.416164383282488e-01, 1.123193794036993e+00, 2.933099979513744e-02, 1.680591414051192e-01, -0.000000000000000e+00
104, 8.856374800000000e-03, 9.369066370000000e-02, 9.412870354317654e-01, 1.108957299225676e+00, 3.477755617053124e-02, 1.823103396121706e-01, -0.000000000000000e+00
3804, 1.038859305501411e-02, 1.013936397874714e-01, 9.409337635476851e-01, 1.093689208391064e+00, 4.064853588469260e-02, 1.962839292793646e-01, -0.000000000000000e+00
105, 1.204162000000000e-02, 1.090715976000000e-01, 9.405512741115577e-01, 1.077158361422372e+00, 4.693749320626383e-02, 2.099863131674788e-01, -0.000000000000000e+00
4765, 1.381503233022879e-02, 1.167226508092735e-01, 9.401457116799634e-01, 1.059630320489229e+00, 5.362648962820909e-02, 2.233701114990324e-01, -0.000000000000000e+00
106, 1.570842040000000e-02, 1.243449004000000e-01, 9.397118754562999e-01, 1.040880311873387e+00, 6.070944666255288e-02, 2.364477144698077e-01, -0.000000000000000e+00
3833, 1.772129092174085e-02, 1.319365255333334e-01, 9.392559510898681e-01, 1.021175673734649e+00, 6.816448020551227e-02, 2.491686974558004e-01, -0.000000000000000e+00
107, 1.985315980000000e-02, 1.394955964000000e-01, 9.387728848218175e-01, 1.000297987193204e+00, 7.598655761809196e-02, 2.615474240683948e-01, -0.000000000000000e+00
4742, 2.210349929317684e-02, 1.470201843699478e-01, 9.382687445454890e-01, 9.785095011029253e-01, 8.414919925195431e-02, 2.735308408560818e-01, -0.000000000000000e+00
108, 2.447173930000000e-02, 1.545085014000000e-01, 9.377387500099117e-01, 9.556036173468216e-01, 9.264754209777938e-02, 2.851397737382554e-01, -0.000000000000000e+00
4379, 2.695732701429121e-02, 1.619587278739119e-01, 9.371887754262159e-01, 9.318342140090612e-01, 1.014524006125453e-01, 2.963184793706803e-01, -0.000000000000000e+00
109, 2.955961970000000e-02, 1.693689973000000e-01, 9.366143159363318e-01, 9.070065952043842e-01, 1.105597557979062e-01, 3.070914869133227e-01, -0.000000000000000e+00
4749, 3.227799538401022e-02, 1.767374504682019e-01, 9.360211228294334e-01, 8.813693264413469e-01, 1.199357635373342e-01, 3.174006772143533e-01, -0.000000000000000e+00
110, 3.511175890000000e-02, 1.840623022000000e-01, 9.354050242216564e-01, 8.547421026782481e-01, 1.295776231678491e-01, 3.272756950731976e-01, -0.000000000000000e+00
4752, 3.806023103907080e-02, 1.913417096514072e-01, 9.347715803472454e-01, 8.273652322026525e-01, 1.394486222503986e-01, 3.366571125603438e-01, -0.000000000000000e+00
111, 4.112268980000000e-02, 1.985739023000000e-01, 9.341169441404487e-01, 7.990724483174598e-01, 1.495466548530374e-01, 3.455819757376119e-01, -0.000000000000000e+00
4758, 4.429834441884206e-02, 2.057571410682792e-01, 9.334465818763779e-01, 7.700999984816189e-01, 1.598335001377546e-01, 3.539921254790592e-01, -0.000000000000000e+00
112, 4.758647080000000e-02, 2.128895969000000e-01, 9.327567966760618e-01, 7.402881069346460e-01, 1.703076360345199e-01, 3.619222307251320e-01, -0.000000000000000e+00
3792, 5.098619243829666e-02, 2.199695447532265e-01, 9.320528369880634e-01, 7.098636068693586e-01, 1.809273428555082e-01, 3.693184081227971e-01, -0.000000000000000e+00
113, 5.449673910000000e-02, 2.269952000000000e-01, 9.313313050938268e-01, 6.786796519674428e-01, 1.916930228038705e-01, 3.762188202280340e-01, -0.000000000000000e+00
3812, 5.811716571993708e-02, 2.339648708003372e-01, 9.305971707823877e-01, 6.469510320093654e-01, 2.025601699556072e-01, 3.825699097649625e-01, -0.000000000000000e+00
114, 6.184665860000000e-02, 2.408767940000000e-01, 9.298474330916348e-01, 6.145480481309586e-01, 2.135298030431258e-01, 3.884093248859711e-01, -0.000000000000000e+00
4793, 6.568423349903829e-02, 2.477293179433596e-01, 9.290866272906617e-01, 5.816667105543849e-01, 2.245537761798438e-01, 3.936865553197877e-01, -0.000000000000000e+00
115, 6.962897630000001e-02, 2.545207144000000e-01, 9.283119605891688e-01, 5.481863174126097e-01, 2.356442092284326e-01, 3.984526130471180e-01, -0.000000000000000e+00
3810, 7.367991863599360e-02, 2.612492836847347e-01, 9.275281541898159e-01, 5.143109148081121e-01, 2.467412539509838e-01, 4.026445735436254e-01, -0.000000000000000e+00
116, 7.783603670000000e-02, 2.679134012000000e-01, 9.267326427892784e-01, 4.799296326548550e-01, 2.578556182283390e-01, 4.063154278106176e-01, -0.000000000000000e+00
4779, 8.209632505979314e-02, 2.745114177433608e-01, 9.259296833158003e-01, 4.452264515356087e-01, 2.689304120949022e-01, 4.094080722637220e-01, -0.000000000000000e+00
117, 8.645971120000000e-02, 2.810417117000000e-01, 9.251170675736339e-01, 4.101059352303470e-01, 2.799790785788416e-01, 4.119766959111569e-01, -0.000000000000000e+00
3771, 9.092514019138748e-02, 2.875026244620457e-01, 9.242986446207880e-01, 3.747344365397186e-01, 2.909406178052386e-01, 4.139642316693486e-01, -0.000000000000000e+00
118, 9.549151359999999e-02, 2.938925923000000e-01, 9.234729363768370e-01, 3.390480741665761e-01, 3.018273597135469e-01, 4.154297398753486e-01, -0.000000000000000e+00
4790, 1.001576589374620e-01, 3.002100969215210e-01, 9.226431785241214e-01, 3.031866913707798e-01, 3.125829019981173e-01, 4.163215092549521e-01, -0.000000000000000e+00
119, 1.049225032000000e-01, 3.064534963000000e-01, 9.218081911178214e-01, 2.670992920060251e-01, 3.232176211136563e-01, 4.166896656933085e-01, -0.000000000000000e+00
4868, 1.097847945571973e-01, 3.126213259539907e-01, 9.209709532056888e-01, 2.309146278177002e-01, 3.336728988347016e-01, 4.164925766323743e-01, -0.000000000000000e+00
120, 1.147433966000000e-01, 3.187119962000000e-01, 9.201304885263304e-01, 1.945905056726994e-01, 3.439725048521284e-01, 4.157913295537329e-01, -0.000000000000000e+00
3839, 1.197970213918577e-01, 3.247240290731446e-01, 9.192899141662958e-01, 1.582616432282221e-01, 3.540478320235253e-01, 4.145349564338029e-01, -0.000000000000000e+00
121, 1.249445006000000e-01, 3.306559027000000e-01, 9.184483433646827e-01, 1.218897154813049e-01, 3.639170778221590e-01, 4.127828748074869e-01, -0.000000000000000e+00
4814, 1.301844672325567e-01, 3.365062729340006e-01, 9.176085019601227e-01, 8.559253070852255e-02, 3.735205033171841e-01, 4.104968030263887e-01, -0.000000000000000e+00
122, 1.355157048000000e-01, 3.422735930000000e-01, 9.167695513790439e-01, 4.933384651969052e-02, 3.828836710600895e-01, 4.077296577407540e-01, -0.000000000000000e+00
3882, 1.409368694231759e-01, 3.479564171852138e-01, 9.159340293234428e-01, 1.322334009642727e-02, 3.919326154565836e-01, 4.044435135119614e-01, -0.000000000000000e+00
123, 1.464466006000000e-01, 3.535534144000000e-01, 9.151016703974842e-01, -2.275045872886283e-02, 4.007036285189602e-01, 4.007035900780972e-01, -0.000000000000000e+00
4832, 1.520436172609401e-01, 3.590631639574698e-01, 9.142743045906888e-01, -5.850845946671322e-02, 4.091229681547567e-01, 3.964646991366598e-01, -0.000000000000000e+00
124, 1.577264965000000e-01, 3.644843102000000e-01, 9.134524029406947e-01, -9.403030429706781e-02, 4.172188806967189e-01, 3.917945797198490e-01, -0.000000000000000e+00
3924, 1.634937534688516e-01, 3.698155567921907e-01, 9.126369961852476e-01, -1.292714456682089e-01, 4.249323918856362e-01, 3.866579344563187e-01, -0.000000000000000e+00
125, 1.693440974000000e-01, 3.750554920000000e-01, 9.118288968833512e-01, -1.641967655160142e-01, 4.322944394016638e-01, 3.811188149715428e-01, -0.000000000000000e+00
4476, 1.752759655023370e-01, 3.802029739751657e-01, 9.110293216678392e-01, -1.987536820714430e-01, 4.392388525349702e-01, 3.751467717184782e-01, -0.000000000000000e+00
126, 1.812880039000000e-01, 3.852565886000000e-01, 9.102388480783667e-01, -2.329172345937399e-01, 4.457968960883723e-01, 3.687952772012916e-01, -0.000000000000000e+00
4821, 1.873786705199870e-01, 3.902152026179261e-01, 9.094585883936680e-01, -2.666393514035190e-01, 4.519032227740002e-01, 3.620426763096819e-01, -0.000000000000000e+00
127, 1.935465038000000e-01, 3.950774969000000e-01, 9.086896019677657e-01, -2.998742481794860e-01, 4.575967270355248e-01, 3.549483932753966e-01, -0.000000000000000e+00
3819, 1.997899020031620e-01, 3.998423402551672e-01, 9.079324896270908e-01, -3.325959577475270e-01, 4.628164300041288e-01, 3.474932227562568e-01, -0.000000000000000e+00
128, 2.061073929000000e-01, 4.045085014000000e-01, 9.071884290821599e-01, -3.647535805258922e-01, 4.676086528539128e-01, 3.397375520756435e-01, -0.000000000000000e+00
4857, 2.124973826623756e-01, 4.090748648157395e-01, 9.064574415347660e-01, -3.963462001922888e-01, 4.719094893662469e-01, 3.316646934711224e-01, -0.000000000000000e+00
129, 2.189583033000000e-01, 4.135403038000000e-01, 9.057407707884567e-01, -4.273200606840371e-01, 4.757675463658925e-01, 3.233312775595339e-01, -0.000000000000000e+00
3434, 2.254885978345892e-01, 4.179036851730074e-01, 9.050378810239146e-01, -4.576983196266859e-01, 4.791116283102149e-01, 3.147179189410961e-01, -0.000000000000000e+00
130, 2.320865989000000e-01, 4.221639932000000e-01, 9.043507116584544e-01, -4.873971571606253e-01, 4.820013775000721e-01, 3.058873680473357e-01, -0.000000000000000e+00
3912, 2.387507202007468e-01, 4.263200837450324e-01, 9.036785032999314e-01, -5.164493935264891e-01, 4.843569411465817e-01, 2.968119732879702e-01, -0.000000000000000e+00
131, 2.454793006000000e-01, 4.303709866000000e-01, 9.030237607053359e-01, -5.447467753959788e-01, 4.862306929548593e-01, 2.875560249289933e-01, -0.000000000000000e+00
4811, 2.522706701711493e-01, 4.343157597215975e-01, 9.023850855443993e-01, -5.723497373366836e-01, 4.875668689921150e-01, 2.781019421264272e-01, -0.000000000000000e+00
132, 2.591232061000000e-01, 4.381532968000000e-01, 9.017653669662457e-01, -5.991334129404762e-01, 4.884112123921657e-01, 2.685063335322519e-01, -0.000000000000000e+00
4842, 2.660350921068303e-01, 4.418828146404209e-01, 9.011630906531468e-01, -6.251632496478843e-01, 4.887198663545081e-01, 2.587680547627345e-01, -0.000000000000000e+00
133, 2.730047107000000e-01, 4.455032946000000e-01, 9.005804912849114e-01, -6.503426666217665e-01, 4.885516052972511e-01, 2.489294775178168e-01, -0.000000000000000e+00
4364, 2.800304140559380e-01, 4.490137873825233e-01, 9.000159719699492e-01, -6.747406800701740e-01, 4.878435603708583e-01, 2.389887998934675e-01, -0.000000000000000e+00
134, 2.871103883000000e-01, 4.524134995000000e-01, 8.994722698854564e-01, -6.982389916740431e-01, 4.866579700775243e-01, 2.290038390109552e-01, -0.000000000000000e+00
4823, 2.942428506687819e-01, 4.557016518502985e-01, 8.989468723345033e-01, -7.209461979186551e-01, 4.849501414739512e-01, 2.189633335050609e-01, -0.000000000000000e+00
135, 3.014261127000000e-01, 4.588772954000000e-01, 8.984427139988067e-01, -7.427354645184656e-01, 4.827735877407660e-01, 2.089147677053417e-01, -0.000000000000000e+00
4878, 3.086582843294210e-01, 4.619397664677065e-01, 8.979577853934129e-01, -7.636936395929705e-01, 4.800821270808729e-01, 1.988563493979385e-01, -0.000000000000000e+00
136, 3.159376979000000e-01, 4.648881854000000e-01, 8.974948555040096e-01, -7.837010500889015e-01, 4.769308513005033e-01, 1.888303073325597e-01, -0.000000000000000e+00
3742, 3.232625351295538e-01, 4.677219991738338e-01, 8.970514526951626e-01, -8.028645178509154e-01, 4.732855471380247e-01, 1.788419850629168e-01, -0.000000000000000e+00
137, 3.306309879000000e-01, 4.704403878000000e-01, 8.966303512111879e-01, -8.210641425525914e-01, 4.692072486889554e-01, 1.689250384691097e-01, -0.000000000000000e+00
4836, 3.380412727030300e-01, 4.730426731832401e-01, 8.962287422752033e-01, -8.384213169865793e-01, 4.646506391041005e-01, 1.590861606836888e-01, -0.000000000000000e+00
138, 3.454914987000000e-01, 4.755282999000000e-01, 8.958497538253690e-01, -8.548008544988934e-01, 4.596884743768836e-01, 1.493618558656151e-01, -0.000000000000000e+00
4837, 3.529798249079487e-01, 4.778965035610770e-01, 8.954900482365183e-01, -8.703470042260016e-01, 4.542723900018282e-01, 1.397538525324334e-01, -0.000000000000000e+00
139, 3.605043888000000e-01, 4.801469148000000e-01, 8.951527628211827e-01, -8.849241743620878e-01, 4.484775762241094e-01, 1.302947801469615e-01, -0.000000000000000e+00
4847, 3.680634883775071e-01, 4.822787128838342e-01, 8.948343250502413e-01, -8.986867663797422e-01, 4.422512445271127e-01, 1.209841718270119e-01, -0.000000000000000e+00
140, 3.756551147000000e-01, 4.842916132000000e-01, 8.945386238024522e-01, -9.114667064616030e-01, 4.356742729322021e-01, 1.118621162746763e-01, -0.000000000000000e+00
4845, 3.832773555870583e-01, 4.861849692053939e-01, 8.942617291856775e-01, -9.234338409861569e-01, 4.287045580980697e-01, 1.029228553750704e-01, -0.000000000000000e+00
141, 3.909283876000000e-01, 4.879584015000000e-01, 8.940071132631376e-01, -9.344381105260257e-01, 4.214113973139058e-01, 9.419659602844935e-02, -0.000000000000000e+00
5092, 3.986063399175178e-01, 4.896114027420909e-01, 8.937708911720988e-01, -9.446474153296388e-01, 4.137643541435493e-01, 8.568587323197668e-02, -0.000000000000000e+00
142, 4.063093066000000e-01, 4.911436142000000e-01, 8.935565942642147e-01, -9.539091335772403e-01, 4.058305264841399e-01, 7.741632003475390e-02, -0.000000000000000e+00
3971, 4.140354465618975e-01, 4.925546625017243e-01, 8.933600704568693e-01, -9.624027145185204e-01, 3.975856436070515e-01, 6.939087066476869e-02, -0.000000000000000e+00
143, 4.217827916000000e-01, 4.938442112000000e-01, 8.931846653530942e-01, -9.699835642209111e-01, 3.890918719249966e-01, 6.162608834956261e-02, -0.000000000000000e+00
4361, 4.295494122177611e-01, 4.950118328698183e-01, 8.930261566189718e-01, -9.768341681317216e-01, 3.803261768824814e-01, 5.412843239903055e-02, -0.000000000000000e+00
144, 4.373334050000000e-01, 4.960573913000000e-01, 8.928882803036154e-01, -9.827930575924059e-01, 3.713585248255450e-01, 4.691348379980113e-02, -0.000000000000000e+00
3852, 4.451328367631567e-01, 4.969804768784600e-01, 8.927665749788376e-01, -9.880530514880473e-01, 3.621580681313439e-01, 3.998246057323177e-02, -0.000000000000000e+00
145, 4.529457986000000e-01, 4.977810086000000e-01, 8.926645081641407e-01, -9.924642867666469e-01, 3.527904520266383e-01, 3.334853090667777e-02, -0.000000000000000e+00
4883, 4.607704189145218e-01, 4.984586642519696e-01, 8.925777584129319e-01, -9.962135324355582e-01, 3.432343810899631e-01, 2.701318105238333e-02, -0.000000000000000e+00
146, 4.686047137000000e-01, 4.990133942000000e-01, 8.925097529183554e-01, -9.991526683114533e-01, 3.335531062300309e-01, 2.098540246589922e-02, -0.000000000000000e+00
4861, 4.764467489428202e-01, 4.994449362688917e-01, 8.924560441229826e-01, -1.001473913797786e+00, 3.237283753531236e-01, 1.526636122173111e-02, -0.000000000000000e+00
147, 4.842945933000000e-01, 4.997532965000000e-01, 8.924200562119073e-01, -1.003029278716441e+00, 3.138194114520775e-01, 9.862184622215171e-03, -0.000000000000000e+00
3993, 4.921463278942318e-01, 4.999383160295428e-01, 8.923972862838514e-01, -1.004013374381910e+00, 3.038121520494347e-01, 4.772340701902721e-03, -0.000000000000000e+00
148, 5.000000000000000e-01, 5.000000001000000e-01, 8.923910597230438e-01, -1.004282480699968e+00, 2.937596096430917e-01, 0.000000000000000e+00, -0.000000000000000e+00
4490, 5.078536721057679e-01, 4.999383160295428e-01, 8.923968799800123e-01, -1.004030934465805e+00, 2.836544327858097e-01, -4.455699305400343e-03, -0.000000000000000e+00
149, 5.157054067000000e-01, 4.997532965000000e-01, 8.924182218383058e-01, -1.003108558681916e+00, 2.735452841916632e-01, -8.596521680490909e-03, -0.000000000000000e+00
4875, 5.235532659259496e-01, 4.994449355676974e-01, 8.924505944341752e-01, -1.001709444411690e+00, 2.634209227713657e-01, -1.242236278474949e-02, -0.000000000000000e+00
150, 5.313953161000000e-01, 4.990133942000000e-01, 8.924971565195943e-01, -9.996970732560336e-01, 2.533299729947889e-01, -1.593818976183310e-02, -0.000000000000000e+00
5124, 5.392295810854780e-01, 4.984586642519696e-01, 8.925535670838245e-01, -9.972590597669583e-01, 2.432630607880816e-01, -1.914532598676619e-02, -0.000000000000000e+00
151, 5.470541716000000e-01, 4.977810086000000e-01, 8.926229431833195e-01, -9.942606875879834e-01, 2.332664899585549e-01, -2.205018156066037e-02, -0.000000000000000e+00
3938, 5.548671485144481e-01, 4.969804785038275e-01, 8.927009762251550e-01, -9.908881702025497e-01, 2.233313106710105e-01, -2.465585904519080e-02, -0.000000000000000e+00
152, 5.626665950000000e-01, 4.960573913000000e-01, 8.927907063295139e-01, -9.870101163701110e-01, 2.134989771851291e-01, -2.697118537688071e-02, -0.000000000000000e+00
4872, 5.704505877822387e-01, 4.950118328698183e-01, 8.928879499041509e-01, -9.828073371579870e-01, 2.037617310108054e-01, -2.899958970201469e-02, -0.000000000000000e+00
153, 5.782172084000000e-01, 4.938442112000000e-01, 8.929955772629412e-01, -9.781557802004379e-01, 1.941586119805886e-01, -3.075168640570911e-02, -0.000000000000000e+00
4025, 5.859644955927193e-01, 4.925546725973567e-01, 8.931095607113191e-01, -9.732295188082911e-01, 1.846831136114149e-01, -3.223310745808431e-02, -0.000000000000000e+00
154, 5.936905742000000e-01, 4.911436142000000e-01, 8.932329646757136e-01, -9.678961112470545e-01, 1.753670053318475e-01, -3.345302702970774e-02, -0.000000000000000e+00
4925, 6.013936029263423e-01, 4.896114145785565e-01, 8.933616905672407e-01, -9.623326948157715e-01, 1.662077320069360e-01, -3.441945673255541e-02, -0.000000000000000e+00
155, 6.090716124000000e-01, 4.879584015000000e-01, 8.934984001236783e-01, -9.564242316186978e-01, 1.572317851098380e-01, -3.514545401124214e-02, -0.000000000000000e+00
4099, 6.167226444129416e-01, 4.861849692053939e-01, 8.936393624658309e-01, -9.503319668752187e-01, 1.484363174320428e-01, -3.563640587178271e-02, -0.000000000000000e+00
156, 6.243448853000000e-01, 4.842916132000000e-01, 8.937871468842610e-01, -9.439448581744924e-01, 1.398460081763749e-01, -3.590634425551582e-02, -0.000000000000000e+00
4897, 6.319365116224925e-01, 4.822787128838342e-01, 8.939381195344733e-01, -9.374199569840526e-01, 1.314555340078994e-01, -3.596154699582430e-02, -0.000000000000000e+00
157, 6.394956112000000e-01, 4.801469148000000e-01, 8.940947286746561e-01, -9.306514518026502e-01, 1.232857268605621e-01, -3.581781269381704e-02, -0.000000000000000e+00
4022, 6.470201614786231e-01, 4.778965077491145e-01, 8.942536358155712e-01, -9.237836291111393e-01, 1.153293414468712e-01, -3.548036844209533e-02, -0.000000000000000e+00
158, 6.545084715000000e-01, 4.755282999000000e-01, 8.944172661069335e-01, -9.167116761355479e-01, 1.076075520641690e-01, -3.496381192129091e-02, -0.000000000000000e+00
4908, 6.619587006203705e-01, 4.730426823166817e-01, 8.945823201156624e-01, -9.095781913849839e-01, 1.001138712183584e-01, -3.427678789814820e-02, -0.000000000000000e+00
159, 6.693689823000000e-01, 4.704403878000000e-01, 8.947510404585144e-01, -9.022862509946032e-01, 9.286348103268183e-02, -3.343291280280113e-02, -0.000000000000000e+00
4927, 6.767374518305102e-01, 4.677220041012161e-01, 8.949204484173635e-01, -8.949645924636720e-01, 8.585200995836151e-02, -3.244111897269355e-02, -0.000000000000000e+00
160, 6.840623021000000e-01, 4.648881854000000e-01, 8.950927382544087e-01, -8.875183817675250e-01, 7.908858243793511e-02, -3.131338784080762e-02, -0.000000000000000e+00
4906, 6.913417156705788e-01, 4.619397664677065e-01, 8.952649634371125e-01, -8.800749653734505e-01, 7.257087517363053e-02, -3.005981371851951e-02, -0.000000000000000e+00
161, 6.985738873000000e-01, 4.588772954000000e-01, 8.954391259225100e-01, -8.725478205117718e-01, 6.630428155853905e-02, -2.869242428279802e-02, -0.000000000000000e+00
5096, 7.057571740878213e-01, 4.557016406722647e-01, 8.956126262087770e-01, -8.650492952966868e-01, 6.028622983544128e-02, -2.722015680292374e-02, -0.000000000000000e+00
162, 7.128896713000000e-01, 4.524134995000000e-01, 8.957873204331619e-01, -8.574991691576245e-01, 5.452006127381799e-02, -2.565519313929186e-02, -0.000000000000000e+00
4064, 7.199695859440618e-01, 4.490137873825233e-01, 8.959607586577976e-01, -8.500033261900324e-01, 4.900199067979542e-02, -2.400569949115080e-02, -0.000000000000000e+00
163, 7.269952297000000e-01, 4.455032946000000e-01, 8.961346876189573e-01, -8.424862740343808e-01, 4.373325921700216e-02, -2.228321012124730e-02, -0.000000000000000e+00
4931, 7.339649311710829e-01, 4.418828023153993e-01, 8.963069147812763e-01, -8.350427720831285e-01, 3.870920912435866e-02, -2.049554032501366e-02, -0.000000000000000e+00
164, 7.408769131000000e-01, 4.381532968000000e-01, 8.964790327532314e-01, -8.276039892405019e-01, 3.393039744396464e-02, -1.865339739809096e-02, -0.000000000000000e+00
4954, 7.477293804257059e-01, 4.343157308616575e-01, 8.966490143848502e-01, -8.202575370920984e-01, 2.939135383042357e-02, -1.676458263744787e-02, 0.000000000000000e+00
165, 7.545207143000000e-01, 4.303709866000000e-01, 8.968184108322218e-01, -8.129363760767996e-01, 2.508823518564018e-02, -1.483714284325876e-02, 0.000000000000000e+00
4929, 7.612492852160357e-01, 4.263200804256237e-01, 8.969853647752999e-01, -8.057207778846334e-01, 2.101740235480961e-02, -1.287939343217306e-02, 0.000000000000000e+00
166, 7.679134010999999e-01, 4.221639932000000e-01, 8.971512703500455e-01, -7.985504892221801e-01, 1.717487753383392e-02, -1.089950844967348e-02, 0.000000000000000e+00
4979, 7.745113969603925e-01, 4.179036885920649e-01, 8.973144277661577e-01, -7.914989734865687e-01, 1.355554023685152e-02, -8.904347136012168e-03, 0.000000000000000e+00
167, 7.810416818000000e-01, 4.135403038000000e-01, 8.974761472516360e-01, -7.845096038104653e-01, 1.015426102986933e-02, -6.900828298521231e-03, 0.000000000000000e+00
3481, 7.875026173376242e-01, 4.090748648157395e-01, 8.976349692012313e-01, -7.776454630106285e-01, 6.966075580926137e-03, -4.895845531239085e-03, 0.000000000000000e+00
168, 7.938926220000000e-01, 4.045085014000000e-01, 8.977920734694140e-01, -7.708555588455582e-01, 3.984675187534491e-03, -2.895035916582581e-03, 0.000000000000000e+00
4940, 8.002101122913275e-01, 3.998423295225612e-01, 8.979461008086127e-01, -7.641986367640817e-01, 1.204960105546494e-03, -9.047106942087591e-04, 0.000000000000000e+00
169, 8.064535260000000e-01, 3.950774969000000e-01, 8.980981286149959e-01, -7.576281326797020e-01, -1.380285548024751e-03, 1.070659247401364e-03, 0.000000000000000e+00
4327, 8.126213385562999e-01, 3.902151953464488e-01, 8.982470883368805e-01, -7.511902284282698e-01, -3.775961284904489e-03, 3.025122158057593e-03, 0.000000000000000e+00
170, 8.187119961000000e-01, 3.852565886000000e-01, 8.983939742577920e-01, -7.448419519764343e-01, -5.990892816261045e-03, 4.956097715316072e-03, 0.000000000000000e+00
4276, 8.247240258811626e-01, 3.802029813343524e-01, 8.985376953784708e-01, -7.386304553239634e-01, -8.028539240840057e-03, 6.857062108879644e-03, 0.000000000000000e+00
171, 8.306558728000000e-01, 3.750554920000000e-01, 8.986791402714489e-01, -7.325173351709021e-01, -9.897608599361469e-03, 8.725915169918117e-03, 0.000000000000000e+00
4965, 8.365062302269196e-01, 3.698155716278956e-01, 8.988174711936363e-01, -7.265387980147641e-01, -1.160293735314242e-02, 1.055783902630697e-02, 0.000000000000000e+00
172, 8.422734737000001e-01, 3.644843102000000e-01, 8.989535371010373e-01, -7.206581527460330e-01, -1.315309845695363e-02, 1.235158003982927e-02, 0.000000000000000e+00
4283, 8.479563788965800e-01, 3.590631676810913e-01, 8.990865823336005e-01, -7.149080583076507e-01, -1.455213252885824e-02, 1.410183350972068e-02, 0.000000000000000e+00
173, 8.535534143000000e-01, 3.535534144000000e-01, 8.992173742396559e-01, -7.092553505998631e-01, -1.580809768475568e-02, 1.580809632803421e-02, 0.000000000000000e+00
5100, 8.590631378179221e-01, 3.479564097129808e-01, 8.993453260945231e-01, -7.037253873318940e-01, -1.692404109260614e-02, 1.746427398424460e-02, 0.000000000000000e+00
174, 8.644843102000001e-01, 3.422735930000000e-01, 8.994710902546066e-01, -6.982899742508554e-01, -1.790821179600794e-02, 1.907030880241127e-02, 0.000000000000000e+00
4041, 8.698155614651023e-01, 3.365062413956850e-01, 8.995941554031376e-01, -6.929712100043373e-01, -1.876313941537544e-02, 2.062038956658186e-02, 0.000000000000000e+00
175, 8.750556111000000e-01, 3.306559027000000e-01, 8.997150954278561e-01, -6.877442916840475e-01, -1.949806218019247e-02, 2.211621232502364e-02, 0.000000000000000e+00
4462, 8.802029990249465e-01, 3.247240051681373e-01, 8.998334953633349e-01, -6.826271537198736e-01, -2.011410005913244e-02, 2.355077567742936e-02, 0.000000000000000e+00
176, 8.852565885000000e-01, 3.187119962000000e-01, 8.999498623440462e-01, -6.775978782192923e-01, -2.061976739847077e-02, 2.492501874672091e-02, 0.000000000000000e+00
4987, 8.902152083555782e-01, 3.126213223182522e-01, 9.000638302367732e-01, -6.726722891282860e-01, -2.101680254860075e-02, 2.623318356322184e-02, 0.000000000000000e+00
177, 8.950775266000000e-01, 3.064534963000000e-01, 9.001758343078735e-01, -6.678315746291447e-01, -2.131274971921831e-02, 2.747623317185759e-02, -0.000000000000000e+00
3408, 8.998423437486271e-01, 3.002100933439857e-01, 9.002856362089445e-01, -6.630860359239349e-01, -2.150939402854485e-02, 2.864797073416501e-02, -0.000000000000000e+00
178, 9.045084715000000e-01, 2.938925923000000e-01, 9.003935770566189e-01, -6.584209302607759e-01, -2.161425855676250e-02, 2.974947633253372e-02, -0.000000000000000e+00
5053, 9.090748598086122e-01, 2.875026244620457e-01, 9.004994408991772e-01, -6.538455908773745e-01, -2.162904137993816e-02, 3.077473342186813e-02, -0.000000000000000e+00
179, 9.135403036999999e-01, 2.810417117000000e-01, 9.006034936384912e-01, -6.493485257356844e-01, -2.156015839092834e-02, 3.172481048617724e-02, -0.000000000000000e+00
4332, 9.179036861697121e-01, 2.745114006480727e-01, 9.007056523859115e-01, -6.449333172080559e-01, -2.140962170158013e-02, 3.259291668331222e-02, -0.000000000000000e+00
180, 9.221640229000000e-01, 2.679134012000000e-01, 9.008060933143476e-01, -6.405923512609147e-01, -2.118502903852841e-02, 3.338226522511748e-02, -0.000000000000000e+00
3399, 9.263200844220365e-01, 2.612492786944827e-01, 9.009047025095676e-01, -6.363305511641812e-01, -2.088668538094229e-02, 3.408432755777049e-02, -0.000000000000000e+00
181, 9.303709865000001e-01, 2.545207144000000e-01, 9.010015606955638e-01, -6.321444281000247e-01, -2.052218290661536e-02, 3.470111699188311e-02, -0.000000000000000e+00
4968, 9.343157601054373e-01, 2.477293291559078e-01, 9.010966751730969e-01, -6.280336665361873e-01, -2.009266148345819e-02, 3.522625250303312e-02, -0.000000000000000e+00
182, 9.381533265000001e-01, 2.408767940000000e-01, 9.011900408487872e-01, -6.239984866039220e-01, -1.960502641479653e-02, 3.566141263941233e-02, -0.000000000000000e+00
4976, 9.418828232760517e-01, 2.339648915833007e-01, 9.012816697336803e-01, -6.200383691967175e-01, -1.906135013823367e-02, 3.600100232140822e-02, -0.000000000000000e+00
183, 9.455031753000001e-01, 2.269952000000000e-01, 9.013714732117631e-01, -6.161571442183905e-01, -1.846839889621347e-02, 3.624627700367340e-02, -0.000000000000000e+00
4044, 9.490137963926956e-01, 2.199695675520111e-01, 9.014595863147008e-01, -6.123489757226890e-01, -1.782869747326925e-02, 3.639258111611628e-02, -0.000000000000000e+00
184, 9.524134994000000e-01, 2.128895969000000e-01, 9.015458514317424e-01, -6.086206755035019e-01, -1.714776917557187e-02, 3.644086993467678e-02, -0.000000000000000e+00
4012, 9.557016543193892e-01, 2.057571438627874e-01, 9.016303730908474e-01, -6.049677259571011e-01, -1.642901119746826e-02, 3.638599148534207e-02, -0.000000000000000e+00
185, 9.588773251000000e-01, 1.985739023000000e-01, 9.017129039819646e-01, -6.014008155998858e-01, -1.567818441877277e-02, 3.623015088895182e-02, -0.000000000000000e+00
4213, 9.619397681480500e-01, 1.913417116138706e-01, 9.017936512861321e-01, -5.979109902550546e-01, -1.489836405286866e-02, 3.596790180479994e-02, -0.000000000000000e+00
186, 9.648882151000000e-01, 1.840623022000000e-01, 9.018722463443449e-01, -5.945141830308699e-01, -1.409604943382715e-02, 3.560255382461047e-02, -0.000000000000000e+00
4470, 9.677220034538623e-01, 1.767374535436820e-01, 9.019488886255002e-01, -5.912017730622806e-01, -1.327440243750074e-02, 3.512946308252368e-02, -0.000000000000000e+00
187, 9.704403877000000e-01, 1.693689973000000e-01, 9.020231568655593e-01, -5.879919669994447e-01, -1.243971029530331e-02, 3.455261748030945e-02, -0.000000000000000e+00
4971, 9.730426691713041e-01, 1.619587390148738e-01, 9.020953640463605e-01, -5.848712380508241e-01, -1.159552258890591e-02, 3.386836282011312e-02, -0.000000000000000e+00
188, 9.755281806000000e-01, 1.545085014000000e-01, 9.021649867774562e-01, -5.818622066774670e-01, -1.074864964613751e-02, 3.308093436930781e-02, -0.000000000000000e+00
4980, 9.778964965994781e-01, 1.470201977210779e-01, 9.022323748081967e-01, -5.789497570292551e-01, -9.902689505725022e-03, 3.218869310166788e-02, -0.000000000000000e+00
189, 9.801468253000000e-01, 1.394955964000000e-01, 9.022969724807194e-01, -5.761579041357026e-01, -9.063214480748302e-03, 3.119578480256963e-02, -0.000000000000000e+00
4982, 9.822787097258884e-01, 1.319365231659988e-01, 9.023591693985779e-01, -5.734698096841210e-01, -8.234694512959408e-03, 3.010078181052218e-02, -0.000000000000000e+00
190, 9.842916131000000e-01, 1.243449004000000e-01, 9.024183324599780e-01, -5.709128357605846e-01, -7.422599671901782e-03, 2.890912145571469e-02, -0.000000000000000e+00
5094, 9.861849683537891e-01, 1.167226479601324e-01, 9.024749069684666e-01, -5.684677367491678e-01, -6.630907303423959e-03, 2.761999599480830e-02, 0.000000000000000e+00
191, 9.879583716000000e-01, 1.090715976000000e-01, 9.025281684788514e-01, -5.661658225148609e-01, -5.865331954649791e-03, 2.623999145580258e-02, 0.000000000000000e+00
4302, 9.896114059311865e-01, 1.013936446829230e-01, 9.025786282009522e-01, -5.639849990323174e-01, -5.129526522571707e-03, 2.476974563801377e-02, 0.000000000000000e+00
192, 9.911435843000000e-01, 9.369066370000000e-02, 9.026255353823716e-01, -5.619577131401209e-01, -4.428663118002619e-03, 2.321586517523011e-02, 0.000000000000000e+00
4313, 9.925546626765483e-01, 8.596455243640584e-02, 9.026694444263923e-01, -5.600600040305636e-01, -3.766575865585279e-03, 2.158086371611839e-02, 0.000000000000000e+00
193, 9.938442111000000e-01, 7.821723080000000e-02, 9.027095769852191e-01, -5.583255111903284e-01, -3.147407506274839e-03, 1.987194833733252e-02, 0.000000000000000e+00
5114, 9.950118285593538e-01, 7.045061806914707e-02, 9.027465478282728e-01, -5.567276648419134e-01, -2.574768582303769e-03, 1.809224084970862e-02, 0.000000000000000e+00
194, 9.960572720000000e-01, 6.266661740000000e-02, 9.027795247894110e-01, -5.553024304522055e-01, -2.052809581823504e-03, 1.624965990448608e-02, 0.000000000000000e+00
5078, 9.969804769890812e-01, 5.486716223484851e-02, 9.028091807284222e-01, -5.540207276306323e-01, -1.584217065395535e-03, 1.434903087267246e-02, 0.000000000000000e+00
195, 9.977809787000000e-01, 4.705416050000000e-02, 9.028346763791618e-01, -5.529188286997467e-01, -1.171943670004343e-03, 1.239786813509653e-02, 0.000000000000000e+00
5104, 9.984586668680442e-01, 3.922954784511360e-02, 9.028567389839189e-01, -5.519653029065553e-01, -8.186772028552222e-04, 1.040174817957346e-02, 0.000000000000000e+00
196, 9.990134239000000e-01, 3.139526030000000e-02, 9.028745112038645e-01, -5.511972036586676e-01, -5.265251411622772e-04, 8.368877595769528e-03, 0.000000000000000e+00
4216, 9.994449375252970e-01, 2.355322441518714e-02, 9.028887580605468e-01, -5.505814674177295e-01, -2.973259537842026e-04, 6.305151788761243e-03, 0.000000000000000e+00
197, 9.997532964000000e-01, 1.570538070000000e-02, 9.028986436950340e-01, -5.501542192496459e-01, -1.325839615596809e-04, 4.218890122827786e-03, 0.000000000000000e+00
4471, 9.999383162329281e-01, 7.853659158936540e-03, 9.029048937227462e-01, -5.498840987132313e-01, -3.325467742097987e-05, 2.117023690074656e-03, 0.000000000000000e+00
198, 1.000000000000000e+00, 1.000000000000000e-10, 9.029066753875327e-01, -5.498070967749998e-01, -1.548371829856785e-15, 7.742105141556165e-06, 0.000000000000000e+00
4125, 9.999383162360695e-01, -7.853658958961418e-03, 9.029048178561530e-01, -5.498873775986703e-01, -3.300814506856779e-05, -2.101329211255354e-03, 0.000000000000000e+00
